Comment,Designator,Footprint,LCSC
"10u","C1,C2,C3,C4","Capacitor_Tantalum_SMD:CP_EIA-3216-18_Kemet-A","C7171"
"10u","C24","Capacitor_SMD:C_0402_1005Metric","C15525"
"15p","C5,C6","Capacitor_SMD:C_0402_1005Metric","C1548"
"1u","C7,C8,C9,C10,C11,C12,C13,C14,C15,C16,C17,C18,C19,C20,C21,C22,C23","Capacitor_SMD:C_0402_1005Metric","C52923"
"1N5819","D1","Diode_SMD:D_SOD-123","C8598"
"LED","D2","Diode_SMD:D_0603_1608Metric","C2286"
"M2_MountingHole","H1,H2,H3,H4","MountingHole:MountingHole_2.2mm_M2_ISO7380",""
"USB_Micro_B","J1,J2","Connector_USB:USB_Micro-B_Molex-105017-0001","C136000"
"1x02_P2.54","J3,J4,J5,J6","Connector_PinHeader_2.54mm:PinHeader_1x02_P2.54mm_Vertical",""
"1x03_P2.54","J7","Connector_PinHeader_2.54mm:PinHeader_1x03_P2.54mm_Vertical",""
"PMOD_HOST","J8,J9,J10,J11,J12","kmj_custom:PMOD_HOST",""
"1k","R1,R3,R5","Resistor_SMD:R_0402_1005Metric","C11702"
"200","R18","Resistor_SMD:R_0402_1005Metric","C25087"
"27","R19,R20","Resistor_SMD:R_0603_1608Metric","C25190"
"10k","R2,R4,R13,R14,R15,R16,R17,R67","Resistor_SMD:R_0402_1005Metric","C25744"
"33","R6,R7,R8,R9,R10,R11,R12,R21,R22,R23,R24,R25,R26,R27,R28,R29,R30,R31,R32,R33,R34,R35,R36,R37,R38,R39,R40,R41,R42,R43,R44,R45,R46,R47,R48,R49,R50,R51,R52,R53,R54,R55,R56,R57,R58,R59,R60,R61,R62,R63,R64,R65,R66,R68,R69,R70,R71,R72","Resistor_SMD:R_0402_1005Metric","C25105"
"2.2k","R73","Resistor_SMD:R_0402_1005Metric","C25879"
"100","R74","Resistor_SMD:R_0402_1005Metric","C25076"
"SW_Push","SW1,SW2","Button_Switch_SMD:SW_SPST_SKQG_WithoutStem","C318884"
"AMS1117-3.3","U1","Package_TO_SOT_SMD:SOT-223-3_TabPin2","C6186"
"SRV05-4","U2","Package_TO_SOT_SMD:SOT-23-6","C85364"
"W25Q128JVS","U3","Package_SO:SOIC-8_5.23x5.23mm_P1.27mm","C97521"
"RP2040","U4","kmj_custom:QFN-56-1EP_7x7mm_P0.4mm_EP3.2x3.2mm_MoreThermalVias","C2040"
"iCE40UP-30","U5","kmj_custom:BGA-30_5x6_2.114x2.537mm","C1519053"
"12M","Y1","Crystal:Crystal_SMD_SeikoEpson_FA238-4Pin_3.2x2.5mm","C9002"